timestamp,open,high,low,close,volume
1551398400000,1314.155,1315.138,1290.098,1293.055,41.0271
1551571200000,1292.705,1296.135,1292.705,1295.158,0.346
1551657600000,1295.158,1296.995,1282.758,1287.025,31.1495
1551744000000,1287.025,1289.535,1281.128,1287.875,40.0071
1551830400000,1287.935,1290.885,1283.545,1287.095,32.9629
1551916800000,1287.095,1288.975,1280.485,1285.918,38.4768
1552003200000,1285.908,1300.708,1285.128,1298.055,39.0193
1552176000000,1297.765,1297.955,1296.115,1296.535,0.1677
1552262400000,1297.215,1299.045,1290.395,1292.525,27.3601
1552348800000,1292.525,1302.148,1292.395,1301.888,33.9752
1552435200000,1301.888,1311.168,1301.655,1309.338,28.8587
1552521600000,1309.345,1309.735,1292.775,1296.065,33.6576
1552608000000,1296.065,1306.328,1293.928,1301.875,31.5955
1552780800000,1301.855,1302.485,1300.535,1300.555,0.4931
1552867200000,1300.555,1306.668,1298.155,1303.418,22.4105
1552953600000,1303.408,1310.835,1303.365,1306.158,22.235
1553040000000,1306.158,1316.938,1298.605,1315.365,38.784
1553126400000,1315.365,1320.305,1303.205,1308.605,34.3332
1553212800000,1308.605,1314.898,1306.778,1313.075,37.6496
1553385600000,1313.105,1313.935,1311.525,1311.525,0.7597
1553472000000,1311.538,1324.448,1310.958,1321.258,30.705
1553558400000,1321.258,1322.118,1312.625,1316.358,36.7358
1553644800000,1316.348,1319.258,1308.065,1309.335,39.5071
1553731200000,1309.335,1312.245,1288.455,1291.495,36.4489
1553817600000,1291.495,1299.745,1286.668,1291.885,32.9406
1553990400000,1292.025,1293.198,1291.418,1291.708,0.4852
1554076800000,1291.718,1296.955,1286.425,1287.328,27.3488
1554163200000,1287.315,1292.788,1285.145,1291.705,23.4032
1554249600000,1291.698,1294.488,1288.335,1291.755,26.9518
1554336000000,1291.755,1294.338,1280.848,1292.095,19.5951
1554422400000,1292.095,1293.148,1284.325,1291.185,33.3283
1554595200000,1291.305,1293.628,1291.205,1291.675,0.8003
1554681600000,1291.728,1303.648,1291.575,1297.945,18.4136
1554768000000,1297.945,1306.138,1296.535,1304.585,27.2792
1554854400000,1304.585,1310.518,1300.858,1308.018,32.2374
1554940800000,1308.018,1308.325,1289.548,1292.135,29.4352
1555027200000,1292.135,1295.708,1290,1290.177,25.9548
1555200000000,1291.075,1291.858,1289.245,1289.705,0.8783
1555286400000,1289.665,1290.338,1282.448,1288.325,24.8599
1555372800000,1288.325,1288.325,1272.905,1276.565,33.6948
1555459200000,1276.495,1279.688,1272.898,1274.155,31.4459
1555545600000,1274.155,1277.628,1271.105,1275.475,33.8103
1555804800000,1275.598,1277.125,1274.935,1276.705,1.3697
1555891200000,1276.728,1279.765,1273.725,1274.598,18.2559
1555977600000,1274.598,1276.428,1266.198,1271.355,25.1805
1556064000000,1271.365,1278.468,1268.698,1274.635,29.9633
1556150400000,1274.628,1282.528,1273.308,1278.558,31.2283
1556236800000,1278.558,1288.608,1273.725,1285.695,32.0972
1556409600000,1286.275,1286.618,1285.628,1285.795,0.6603
1556496000000,1285.785,1286.568,1277.988,1280.325,25.7238
1556582400000,1280.318,1286.118,1279.835,1283.105,31.2006
1556668800000,1283.105,1287.188,1273,1277.018,31.4384
1556755200000,1277.018,1277.368,1266.195,1270.678,32.9867
1556841600000,1270.688,1282.468,1268.268,1278.775,34.4465
1557014400000,1280.305,1285.728,1279.775,1284.148,5.1158
1557100800000,1284.158,1285.118,1276.935,1282.825,39.8251
1557187200000,1282.825,1286.015,1278.155,1284.778,39.8028
1557273600000,1284.778,1291.415,1279.275,1281.275,33.3147
1557360000000,1281.255,1288.138,1279.528,1283.698,55.1628
1557446400000,1283.685,1289.338,1283.068,1285.505,47.9376
1557619200000,1287.485,1287.978,1286.455,1287.125,1.3567
1557705600000,1287.128,1301.685,1281.935,1301.685,45.7292
1557792000000,1301.685,1303.245,1293.665,1296.998,32.1944
1557878400000,1296.998,1300.848,1292.948,1296.448,53.7182
1557964800000,1296.435,1298.688,1284.035,1285.758,26.5546
1558051200000,1285.758,1288.868,1274.748,1277.485,29.3873
1558224000000,1277.535,1278.808,1276.915,1277.655,1.3714
1558310400000,1277.655,1278.948,1273.608,1277.358,23.8993
1558396800000,1277.295,1277.328,1269.455,1274.578,24.2702
1558483200000,1274.625,1277.268,1272.415,1274.165,23.0193
1558569600000,1274.145,1287.218,1272.755,1284.075,38.723
1558656000000,1284.055,1285.168,1280.695,1284.615,33.678
1558828800000,1284.655,1285.685,1284.118,1284.665,1.2137
1558915200000,1284.655,1287.318,1283.705,1285.685,17.3257
1559001600000,1285.685,1286.548,1276.055,1279.878,41.2389
1559088000000,1279.795,1285.465,1279.015,1279.805,44.8464
1559174400000,1279.805,1290.628,1274.948,1290.448,29.8275
1559260800000,1290.448,1306.878,1290.328,1305.295,52.5064
1559433600000,1306.918,1309.388,1305.835,1309.365,2.1137
1559520000000,1309.365,1327.898,1308.428,1325.108,48.234
1559606400000,1325.075,1329.005,1319.905,1325.285,48.2266
1559692800000,1325.295,1344.048,1325.265,1330.845,61.872
1559779200000,1330.845,1339.748,1327.158,1333.388,52.546
1559865600000,1333.388,1348.198,1330.205,1340.388,48.0906
1560038400000,1336.848,1336.848,1333.265,1334.985,1.9973
1560124800000,1334.985,1337.658,1325.028,1329.218,38.086
1560211200000,1329.228,1329.808,1319.815,1327.695,37.008
1560297600000,1327.695,1338.348,1325.938,1333.518,38.835
1560384000000,1333.518,1344.518,1332.325,1344.418,38.1093
1560470400000,1344.418,1358.088,1337.738,1340.888,58.2838
1560643200000,1341.785,1342.348,1338.498,1338.508,1.3041
1560729600000,1338.508,1343.505,1332.915,1339.635,36.6264
1560816000000,1339.625,1354.605,1338.545,1345.395,55.2314
1560902400000,1345.388,1362.528,1341.195,1357.878,58.7539
1560988800000,1357.878,1393.928,1357.878,1390.748,80.7654
1561075200000,1390.748,1411.805,1382.5,1399.158,77.0393
1561248000000,1400.075,1410.128,1399.648,1406.808,3.9055
1561334400000,1406.868,1426.027,1400.728,1425.195,58.5808
1561420800000,1425.215,1439.138,1411.808,1418.348,76.5854
1561507200000,1418.348,1420.488,1401.865,1410.648,58.2721
1561593600000,1410.648,1412.048,1398.548,1411.045,57.0554
1561680000000,1410.975,1424.568,1405.618,1409.485,47.4674
1561852800000,1397.165,1397.698,1384,1391.988,5.4095
1561939200000,1391.965,1397.048,1381.715,1385.445,54.7404
1562025600000,1385.438,1435.998,1383.785,1431.225,64.9355
1562112000000,1431.245,1437.688,1411.975,1418.358,55.8347
1562198400000,1418.355,1424.128,1410.128,1420.858,25.8614
1562284800000,1420.848,1421.268,1386.518,1398.525,56.9112
1562457600000,1398.975,1401.465,1392.638,1395.615,3.2999
1562544000000,1395.615,1407.508,1391.645,1394.235,35.4477
1562630400000,1394.238,1400.025,1385.658,1395.205,35.5536
1562716800000,1395.235,1422.435,1389.838,1421.945,51.9887
1562803200000,1421.945,1427.078,1400.738,1403.898,50.1
1562889600000,1403.968,1416.818,1403.048,1415.145,47.6184
1563062400000,1415.408,1419.698,1412.758,1416.158,2.6123
1563148800000,1416.208,1418.158,1407.655,1415.398,31.1614
1563235200000,1415.395,1416.235,1400.758,1405.138,39.4458
1563321600000,1405.128,1430.085,1400.018,1424.578,50.0657
1563408000000,1424.615,1452.888,1414.578,1442.865,68.3987
1563494400000,1442.865,1445.228,1420.098,1425.168,53.9734
1563667200000,1427.598,1428.445,1423.515,1424.985,2.1804
1563753600000,1424.915,1429.955,1422.148,1423.625,34.5127
1563840000000,1423.645,1430.085,1414.138,1416.975,36.9315
1563926400000,1416.995,1429.445,1416.458,1425.215,28.5734
1564012800000,1425.225,1433.698,1410.968,1414.985,41.122
1564099200000,1414.985,1424.768,1413.228,1417.948,37.1548
1564272000000,1418.775,1420.808,1418.115,1420.065,0.8052
1564358400000,1420.068,1428.078,1414.718,1424.448,28.6853
1564444800000,1424.448,1433.165,1422.258,1430.735,29.7406
1564531200000,1430.758,1434.258,1408.895,1412.125,36.3421
1564617600000,1412.125,1449.025,1400.418,1438.098,52.589
1564704000000,1438.088,1447.935,1430.225,1440.568,67.5309
1564876800000,1439.898,1442.398,1436.648,1439.585,1.8754
1564963200000,1439.575,1474.658,1438.685,1473.905,76.4667
1565049600000,1473.915,1477.225,1456.315,1476.735,61.5204
1565136000000,1476.735,1510.278,1474.568,1501.625,72.2411
1565222400000,1501.648,1509.475,1489.948,1504.145,50.4326
1565308800000,1504.145,1508.008,1494.698,1496.948,41.6342
1565481600000,1497.515,1501.445,1495,1500.705,1.5554
1565568000000,1500.695,1520.008,1487.258,1512.025,36.8118
1565654400000,1512.025,1534.948,1479.715,1500.785,51.1211
1565740800000,1500.755,1523.968,1494.085,1516.915,66.024
1565827200000,1516.865,1527.055,1507.848,1526.528,54.9916
1565913600000,1526.498,1527.945,1503.635,1512.395,39.0536
1566086400000,1512.398,1512.928,1507.898,1509.305,1.5956
1566172800000,1509.305,1512.685,1492.848,1496.035,35.4031
1566259200000,1496.045,1508.508,1494.325,1506.095,36.0092
1566345600000,1506.095,1507.398,1496.445,1502.538,36.9617
1566432000000,1502.548,1504.518,1492.425,1497.445,36.5424
1566518400000,1497.445,1530.188,1493.475,1526.598,58.5444
1566691200000,1535.278,1555.048,1535.278,1547.248,6.3131
1566777600000,1547.248,1549.248,1524.955,1528.505,70.6678
1566864000000,1528.545,1544.608,1525.538,1543.485,49.7743
1566950400000,1543.458,1546.805,1531.848,1538.658,58.3831
1567036800000,1538.675,1550.315,1519.608,1528.665,66.7559
1567123200000,1528.645,1533.055,1517,1519.998,65.0519
1567296000000,1528.325,1533.948,1527.475,1529.058,2.7573
1567382400000,1529.095,1531.145,1519.305,1526.215,25.1025
1567468800000,1526.205,1550.045,1521.455,1549.018,62.1768
1567555200000,1549.025,1556.958,1533.825,1551.188,72.312
1567641600000,1551.188,1551.625,1506.115,1518.375,67.1648
1567728000000,1518.375,1527.798,1502.488,1506.398,83.6572
1567900800000,1507.968,1507.968,1502.595,1505.795,1.9434
1567987200000,1505.765,1515.415,1495.595,1496.168,54.1503
1568073600000,1496.168,1500.948,1484.418,1486.925,52.0287
1568160000000,1486.985,1498.365,1486.765,1492.985,51.6738
1568246400000,1492.998,1524.118,1489.208,1497.805,59.2306
1568332800000,1497.815,1508.938,1485.735,1488.5,55.2162
1568505600000,1506.838,1507.948,1498.608,1506.048,4.1587
1568592000000,1506.028,1512.065,1495.815,1497.978,66.8764
1568678400000,1497.985,1507.008,1493.408,1500.735,50.2534
1568764800000,1500.745,1511.558,1483.155,1491.095,45.1344
1568851200000,1491.085,1504.468,1488.908,1499.575,52.4282
1568937600000,1499.565,1516.978,1498.35,1516.598,45.1492
1569110400000,1513.988,1514.405,1510.968,1514.345,2.1759
1569196800000,1514.345,1526.748,1511.485,1520.795,52.0156
1569283200000,1520.795,1535.638,1515.525,1531.628,63.0693
1569369600000,1531.675,1535.048,1500.375,1506.425,61.9693
1569456000000,1506.445,1512.235,1500.108,1506.715,54.3724
1569542400000,1506.725,1507.308,1486.768,1496.498,61.0919
1569715200000,1494.568,1500.465,1494.465,1496.165,2.0044
1569801600000,1496.165,1497.195,1464.445,1473.555,55.6685
1569888000000,1473.565,1487.138,1459.008,1481.579,64.8306
1569974400000,1481.579,1505.048,1474.455,1499.975,63.4255
1570060800000,1499.975,1519.488,1495.725,1508.198,61.7476
1570147200000,1508.298,1515.658,1495.927,1504.298,79.1382
1570320000000,1511.868,1512.215,1505.315,1508.025,1.6717
1570406400000,1508.018,1509.235,1487.958,1492.015,58.7048
1570492800000,1492.015,1509.618,1486.845,1508.675,94.4051
1570579200000,1508.688,1516.948,1499.768,1511.478,67.5037
1570665600000,1511.598,1513.985,1490.968,1493.975,80.614
1570752000000,1494.005,1503.115,1473.925,1488.598,71.8884
1570924800000,1488.128,1488.665,1482.728,1484.535,1.9385
1571011200000,1484.555,1497.068,1483.705,1491.185,55.0978
1571097600000,1491.195,1498.388,1477.098,1481.875,60.0696
1571184000000,1481.895,1491.478,1476.995,1490.005,83.0535
1571270400000,1490.025,1497.308,1483.385,1492.795,73.3174
1571356800000,1492.795,1493.388,1484.825,1489.598,56.0174
1571529600000,1491.338,1492.185,1490.428,1491.498,1.0744
1571616000000,1491.545,1495.208,1481.405,1484.065,40.5498
1571702400000,1484.075,1489.258,1480.768,1488.758,49.2372
1571788800000,1488.758,1496.268,1487.698,1492.045,51.6674
1571875200000,1492.095,1503.948,1487.915,1502.679,57.0209
1571961600000,1502.685,1517.948,1500.558,1504.198,54.3571
1572134400000,1504.508,1504.508,1502,1503.925,0.9566
1572220800000,1503.925,1508.155,1489.948,1491.655,49.0504
1572307200000,1491.725,1494.715,1483.398,1487.225,42.6573
1572393600000,1487.255,1496.598,1481.048,1495.188,54.8891
1572480000000,1495.225,1514.148,1493.895,1512.218,59.9001
1572566400000,1512.318,1515.938,1503.218,1513.998,51.5522
1572739200000,1513.908,1513.908,1511.882,1512.86,0.4667
1572825600000,1512.86,1514.758,1504.395,1506.645,43.3733
1572912000000,1506.665,1507.755,1479.275,1484.375,54.0993
1572998400000,1484.375,1494.118,1483,1490.208,45.2442
1573084800000,1490.208,1492.148,1460.498,1468.625,67.9763
1573171200000,1468.605,1472.868,1456.118,1458.485,54.1017
1573344000000,1459.278,1461.065,1458.658,1460.995,0.6574
1573430400000,1461.008,1466.375,1448.155,1455.558,37.9088
1573516800000,1455.558,1460.335,1445.545,1458.288,63.6535
1573603200000,1458.288,1466.995,1457.108,1463.498,60.0148
1573689600000,1463.498,1474.535,1461.038,1469.198,57.3383
1573776000000,1469.228,1469.718,1462.355,1467.885,40.4988
1573948800000,1467.158,1469.548,1467.158,1469.028,0.4161
1574035200000,1469.028,1473.935,1456.285,1471.688,44.4984
1574121600000,1471.655,1475.328,1464.898,1474.495,48.4242
1574208000000,1474.468,1478.728,1465.838,1474.375,57.5015
1574294400000,1474.395,1475.575,1462.275,1465.048,50.3021
1574380800000,1465.048,1473.188,1461.295,1461.785,43.1999
1574553600000,1460.218,1461.085,1459.585,1460.415,0.638
1574640000000,1460.435,1462.085,1453.555,1453.875,36.3517
1574726400000,1453.845,1462.848,1450,1460.428,42.7153
1574812800000,1460.448,1461.168,1452.535,1456.805,33.776
1574899200000,1456.805,1458.208,1454.195,1455.955,18.456
1574985600000,1456.008,1466.528,1453.115,1463.448,31.5006
1575158400000,1464.048,1464.078,1461.518,1461.745,0.6073
1575244800000,1461.765,1465.268,1453.885,1462.585,52.1094
1575331200000,1462.648,1481.718,1459.768,1476.565,59.7214
1575417600000,1476.565,1483.988,1471.365,1475.515,56.5303
1575504000000,1475.545,1480.308,1472.855,1475.915,48.2191
1575590400000,1475.878,1479.788,1458.635,1459.785,38.6522
1575763200000,1459.418,1459.955,1458.548,1459.895,0.4905
1575849600000,1459.965,1465.318,1459.015,1461.055,29.5123
1575936000000,1461.055,1469.128,1459.965,1463.795,42.4868
1576022400000,1463.815,1478.848,1462.598,1474.458,51.8165
1576108800000,1474.465,1486.708,1461.648,1465.025,60.3622
1576195200000,1465.115,1477.968,1464.708,1475.455,78.2678
1576368000000,1475.098,1476.238,1473.708,1474.038,0.7045
1576454400000,1474.048,1479.848,1473.108,1475.295,35.2063
1576540800000,1475.348,1480.488,1474.135,1475.555,32.2797
1576627200000,1475.575,1479.248,1470.405,1475.698,35.0955
1576713600000,1475.698,1481.668,1473.205,1478.385,34.6522
1576800000000,1478.385,1480.908,1475.768,1477.785,25.1058
1576972800000,1478.128,1478.578,1477.425,1478.435,0.4344
1577059200000,1478.455,1486.058,1478.308,1485.418,29.1454
1577145600000,1485.418,1500.465,1484.298,1498.445,30.483
1577232000000,1499.358,1499.758,1497.215,1499.355,0.5326
1577318400000,1499.435,1512.548,1497.695,1511.135,37.9092
1577404800000,1511.165,1515.268,1507.288,1510.775,43.42
1577577600000,1511.458,1513.955,1510.998,1513.465,1.0748
1577664000000,1513.428,1516.048,1510.715,1514.825,36.4696
1577750400000,1514.818,1525.235,1514.755,1516.915,46.6342
1577836800000,1518.768,1521.068,1518.075,1518.285,0.5853
1577923200000,1518.305,1531.328,1517.115,1528.728,44.2942
1578009600000,1528.728,1553.515,1528.728,1551.515,72.8201
1578182400000,1559.735,1585.625,1559.735,1569.145,3.656
1578268800000,1569.145,1579.965,1560.755,1563.678,70.6361
1578355200000,1563.695,1598.348,1555.248,1594.955,74.6434
1578441600000,1594.935,1611.325,1552.178,1557.985,106.4743
1578528000000,1557.958,1561.285,1540.105,1552.645,55.6678
1578614400000,1552.665,1563.008,1545.665,1561.785,50.2028
1578787200000,1561.318,1561.318,1557.915,1559.128,0.4547
1578873600000,1559.135,1559.955,1544.858,1545.175,45.3235
1578960000000,1545.175,1549.965,1535.828,1549.495,65.2219
1579046400000,1549.475,1558.148,1546.288,1556.245,66.6164
1579132800000,1556.245,1558.035,1547.975,1552.185,46.0103
1579219200000,1552.185,1561.155,1549.295,1556.945,39.4981
1579392000000,1557.128,1559.015,1556.268,1556.955,0.6144
1579478400000,1556.955,1562.705,1556.565,1561.155,17.1443
1579564800000,1561.185,1568.508,1546.238,1556.525,64.9409
1579651200000,1556.545,1563.675,1550.3,1561.365,48.2948
1579737600000,1561.365,1567.848,1551.798,1560.885,57.5814
1579824000000,1560.865,1575.785,1556.455,1571.455,65.2231
1579996800000,1579.248,1588.345,1579.248,1582.665,1.6959
1580083200000,1582.655,1586.198,1575.798,1581.055,74.699
1580169600000,1581.065,1582.965,1565.388,1568.385,58.0441
1580256000000,1568.365,1577.948,1563.335,1576.995,62.19
1580342400000,1576.995,1585.888,1572.155,1575.085,75.8042
1580428800000,1575.105,1590.528,1570.905,1589.325,85.223
1580601600000,1593.388,1593.488,1587.525,1589.345,1.548
1580688000000,1589.395,1590.015,1569.188,1578.725,51.7943
1580774400000,1578.685,1579.545,1548.965,1554.018,50.7793
1580860800000,1554.028,1562.368,1547.425,1556.005,48.5324
1580947200000,1556.055,1568.178,1552.385,1565.745,43.8478
1581033600000,1565.765,1574.008,1559.875,1570.198,86.3805
1581206400000,1571.248,1576.578,1568.898,1574.745,1.928
1581292800000,1574.745,1576.928,1567.905,1571.895,48.3498
1581379200000,1571.898,1573.978,1561.925,1567.045,55.1023
1581465600000,1566.988,1571.325,1561.728,1569.718,48.4471
1581552000000,1569.708,1578.248,1569.018,1577.248,61.9767
1581638400000,1577.145,1584.948,1572.975,1583.648,43.9519
1581811200000,1581.858,1583.068,1580.325,1582.878,0.8869
1581897600000,1582.968,1585.415,1578.798,1584.205,18.3463
1581984000000,1584.165,1605.018,1584.155,1600.805,59.5348
1582070400000,1600.815,1612.888,1599.455,1610.295,58.0386
1582156800000,1610.335,1623.658,1603.785,1622.035,60.1375
1582243200000,1622.085,1649.165,1618.895,1643.148,83.0253
1582416000000,1654.598,1680.605,1651.748,1665.465,2.604
1582502400000,1665.475,1689.255,1650.838,1653.825,116.4757
1582588800000,1653.805,1658.695,1624.898,1639.778,140.6599
1582675200000,1639.755,1654.895,1624.785,1643.508,114.4062
1582761600000,1643.508,1660.368,1635.145,1645.665,192.0955
1582848000000,1645.628,1648.118,1562.848,1585.435,157.4531
1583020800000,1591.378,1592.958,1575.315,1584.795,2.8379
1583107200000,1584.805,1610.958,1581.515,1591.895,214.1036
1583193600000,1591.895,1652.548,1589.658,1645.748,192.358
1583280000000,1645.798,1649.265,1631.798,1636.535,184.5621
1583366400000,1636.508,1674.838,1635.518,1674.498,147.8077
1583452800000,1674.518,1692.088,1642.128,1673.548,176.6316
1583625600000,1694.895,1703.318,1678.725,1700.078,6.2387
1583712000000,1700.048,1702.968,1657.308,1666.415,137.0909
1583798400000,1666.415,1671.365,1641.495,1652.265,127.6003
1583884800000,1652.245,1671.158,1632.935,1643.655,108.2659
1583971200000,1643.645,1649.965,1560.508,1576.618,121.8864
1584057600000,1576.628,1597.825,1504.398,1529.348,134.2096
1584230400000,1567.348,1575.305,1539.395,1557.458,6.3547
1584316800000,1557.908,1560.718,1451.148,1507.195,115.8037
1584403200000,1507.155,1553.808,1465.468,1537.568,119.1137
1584489600000,1537.558,1539.828,1472.625,1497.888,119.8772
1584576000000,1498.058,1498.638,1454.898,1471.258,86.3643
1584662400000,1471.228,1516.045,1470.668,1498.698,74.4999
1584835200000,1503.768,1508.148,1482.258,1491.375,4.2851
1584921600000,1491.395,1567.398,1484.978,1566.815,82.867
1585008000000,1566.815,1639.18,1557.015,1630.105,47.9006
1585094400000,1630.105,1631.705,1594.682,1610.148,46.3211
1585180800000,1610.098,1645.052,1595.301,1625.748,33.9746
1585267200000,1625.748,1631.098,1612.838,1626.148,36.6693
1585440000000,1639.458,1639.458,1610.098,1626.398,2.7155
1585526400000,1626.348,1628.798,1610.825,1616.068,43.9101
1585612800000,1616.158,1619.448,1567.468,1578.638,45.8689
1585699200000,1578.538,1599.988,1571.765,1591.008,49.6511
1585785600000,1591.028,1619.94,1582.818,1612.475,50.4815
1585872000000,1612.495,1625.498,1605.625,1617.048,42.8056
1586044800000,1615.578,1621.238,1609,1619.158,1.6871
1586131200000,1619.228,1674.828,1615.198,1661,48.6145
1586217600000,1661,1668.598,1642.128,1647.348,61.869
1586304000000,1647.348,1656.288,1640.398,1647.068,39.8732
1586390400000,1647.008,1689.948,1645.695,1682.148,45.5009
1586649600000,1686.218,1691.448,1675,1685.768,2.4184
1586736000000,1685.718,1722.548,1678.848,1717.008,45.9898
1586822400000,1717.028,1747.625,1708.735,1725.078,66.929
1586908800000,1725.038,1730.998,1707.518,1715.478,52.0312
1586995200000,1715.498,1738.648,1701.58,1715.348,63.9237
1587081600000,1715.568,1718.528,1679.125,1681.998,62.432
1587254400000,1679.878,1683.618,1673.905,1675.348,2.0734
1587340800000,1675.448,1702.138,1671.598,1690.868,53.8038
1587427200000,1690.868,1697.796,1659.298,1687.421,61.8861
1587513600000,1687.37,1718.555,1679.908,1711.558,64.4678
1587600000000,1711.638,1738.558,1707.328,1728.238,65.6821
1587686400000,1728.248,1736.208,1710.508,1727.698,61.333
1587859200000,1726.388,1727.248,1718.945,1724.948,2.6893
1587945600000,1724.948,1727.225,1705.995,1709.408,73.4053
1588032000000,1709.468,1714.568,1691.678,1704.775,79.7491
1588118400000,1704.785,1717.398,1697.805,1713.475,65.0794
1588204800000,1713.465,1721.598,1681.068,1687.855,68.3143
1588291200000,1687.865,1705.068,1670.418,1698.818,81.3408
1588464000000,1697.878,1701.288,1691.328,1699.345,2.5738
1588550400000,1699.345,1713.228,1695.145,1703.515,49.5137
1588636800000,1703.505,1711.568,1689.788,1703.598,49.4297
1588723200000,1703.688,1708.071,1681.308,1689.655,52.0163
1588809600000,1689.645,1721.888,1684.178,1714.118,56.4897
1588896000000,1714.198,1723.148,1700.545,1701.408,63.5839
1589068800000,1701.558,1707.711,1700.118,1706.205,2.1695
1589155200000,1706.205,1712.058,1691.825,1697.775,65.0628
1589241600000,1697.558,1710.698,1693.605,1702.465,58.817
1589328000000,1702.475,1719.568,1699.348,1718.238,75.2272
1589414400000,1718.315,1736.348,1710.828,1732.688,63.6809
1589500800000,1732.655,1751.398,1728.428,1741.628,76.2188
1589673600000,1734.868,1760.078,1734.868,1758.078,4.6478
1589760000000,1758.078,1765.018,1727.458,1734.645,81.8678
1589846400000,1734.635,1747.818,1726.205,1745.998,85.4001
1589932800000,1745.998,1753.735,1742.528,1747.425,77.2048
1590019200000,1747.405,1747.415,1717.155,1725.868,74.141
1590105600000,1725.868,1739.955,1724.278,1733.648,58.569
1590278400000,1731.308,1734.318,1729.925,1730.508,1.5006
1590364800000,1730.558,1733.115,1721.168,1726.668,33.4683
1590451200000,1726.598,1735.325,1708.218,1712.788,67.941
1590537600000,1712.718,1715.895,1693.598,1710.938,67.4439
1590624000000,1710.938,1727.428,1708.925,1721.725,65.73
1590710400000,1721.665,1737.773,1712.428,1728.695,61.6117
1590883200000,1735.808,1742.688,1728.955,1739.705,2.8805
1590969600000,1739.715,1744.525,1727.553,1741.638,65.8718
1591056000000,1741.678,1745.008,1721.215,1726.455,65.9939
1591142400000,1726.455,1729.458,1689.245,1700.448,80.8908
1591228800000,1700.448,1721.863,1697.448,1712.218,68.9383
1591315200000,1712.258,1715.988,1670.745,1684.758,84.491
1591488000000,1674.868,1684.928,1674.868,1681.235,2.6436
1591574400000,1681.255,1700.618,1680.498,1697.188,67.3774
1591660800000,1697.208,1720.668,1692.025,1713.195,74.5498
1591747200000,1713.185,1739.798,1707.695,1735.425,67.6467
1591833600000,1735.475,1744.575,1721.445,1726.705,72.0108
1591920000000,1726.685,1742.948,1722.135,1729.728,68.8874
1592092800000,1730.258,1735.258,1727.488,1732.628,2.6157
1592179200000,1732.628,1734.038,1704.025,1724.028,82.0664
1592265600000,1724.088,1732.748,1716.535,1726.415,77.4795
1592352000000,1726.405,1730.165,1712.548,1727.515,60.6038
1592438400000,1727.455,1737.438,1717.435,1723.178,60.638
1592524800000,1723.178,1745.168,1722.175,1743.268,60.6178
1592697600000,1750.178,1750.478,1743.618,1749.025,2.8136
1592784000000,1749.015,1763.058,1742.598,1755.358,83.369
1592870400000,1755.358,1770.998,1747.295,1768.545,74.4049
1592956800000,1768.445,1779.388,1753.548,1761.915,83.1301
1593043200000,1761.915,1768.785,1755.258,1765.748,66.9815
1593129600000,1765.768,1771.948,1747.368,1770.898,69.5607
1593302400000,1774.918,1775.748,1769.308,1771.208,2.2372
1593388800000,1771.208,1774.905,1765.538,1773.008,55.2253
1593475200000,1773.008,1785.85,1764.425,1782.808,59.9584
1593561600000,1782.808,1789.008,1758.948,1768.108,66.3638
1593648000000,1768.108,1779.425,1757.438,1775.518,56.3771
1593734400000,1775.478,1777.008,1772.588,1774.818,22.93
1593907200000,1773.368,1776.148,1773.2,1775.258,0.971
1593993600000,1775.255,1786.918,1769.818,1785.748,51.0893
1594080000000,1785.698,1797.358,1773.398,1794.285,63.4821
1594166400000,1794.285,1817.848,1791.448,1809.035,58.7864
1594252800000,1809.035,1815.855,1795.258,1803.748,61.7803
1594339200000,1803.748,1810.496,1793.935,1798.088,49.3585
1594512000000,1799.188,1801.278,1797.708,1799.928,1.5026
1594598400000,1799.908,1813.198,1799.728,1802.208,53.0071
1594684800000,1802.215,1810.788,1790.418,1809.178,61.9187
1594771200000,1809.178,1814.916,1802.228,1812.938,57.1127
1594857600000,1812.968,1813.138,1794.788,1798.148,52.9506
1594944000000,1798.148,1811.878,1795.608,1809.248,38.6504
1595116800000,1808.838,1810.508,1806.998,1808.778,1.5683
1595203200000,1808.808,1820.438,1805.565,1817.808,51.9677
1595289600000,1817.868,1847.538,1815.668,1843.058,69.4592
1595376000000,1843.088,1874.158,1842.548,1869.935,87.6125
1595462400000,1869.925,1898.228,1863.909,1885.708,100.2043
1595548800000,1885.618,1906.458,1881.265,1901.098,71.6386
1595721600000,1901.988,1914.948,1899.638,1913.535,5.7225
1595808000000,1913.515,1967.178,1912.325,1964.915,119.2794
1595894400000,1964.865,1980.98,1906.645,1955.958,110.6068
1595980800000,1955.958,1980.798,1941.328,1966.398,79.3584
1596067200000,1966.398,1970.538,1939.245,1956.795,89.9632
1596153600000,1956.775,1984.218,1955.765,1975.568,88.2881
1596326400000,1978.898,1989.148,1976.908,1981.855,5.0682
1596412800000,1981.825,1982.225,1960.378,1975.138,71.1805
1596499200000,1975.118,2030.815,1966.725,2030.815,75.179
1596585600000,2030.785,2055.648,2009.338,2036.348,95.2755
1596672000000,2036.308,2074.798,2034.385,2069.178,89.2371
1596758400000,2069.188,2072.618,2015.385,2034.298,114.1122
1596931200000,2033.708,2037.138,2018.638,2027.035,4.1058
1597017600000,2027.025,2049.748,2019.205,2028.108,82.7478
1597104000000,2028.088,2028.088,1901.188,1908.985,124.1546
1597190400000,1908.975,1949.548,1862.318,1921.738,129.8725
1597276800000,1921.738,1966.165,1919.905,1957.265,104.0508
1597363200000,1957.255,1961.408,1932.025,1943.998,89.1432
1597536000000,1948.718,1951.245,1931.855,1932.435,3.4639
1597622400000,1932.415,1990.478,1929.348,1983.725,86.1533
1597708800000,1983.705,2015.498,1975.898,2005.155,94.4545
1597795200000,2005.155,2005.875,1924.528,1927.568,110.9848
1597881600000,1927.568,1955.125,1924.688,1952.628,106.1394
1597968000000,1952.565,1955.765,1911.238,1939.618,98.7477
1598140800000,1939.868,1941.338,1929.808,1935.025,3.1986
1598227200000,1935.025,1961.788,1923.608,1929.585,83.8903
1598313600000,1929.565,1937.425,1914.105,1929.565,79.4051
1598400000000,1929.455,1954.918,1902.678,1953.278,80.664
1598486400000,1953.298,1976.578,1909.778,1927.868,94.1108
1598572800000,1927.758,1973.718,1923.288,1964.428,88.5522
1598745600000,1965.378,1976.465,1964.898,1972.985,4.3223
1598832000000,1972.975,1976.368,1954.125,1967.758,74.8053
1598918400000,1967.758,1992.298,1963.115,1972.468,88.6154
1599004800000,1972.448,1973.118,1932.428,1944.568,88.6043
1599091200000,1944.565,1950.905,1921.658,1927.855,90.3329
1599177600000,1927.845,1947.655,1916.198,1933.298,82.3888
1599350400000,1929.788,1937.498,1929.788,1934.215,1.7562
1599436800000,1934.215,1941.268,1924.288,1930.468,31.6257
1599523200000,1930.468,1940.748,1906.428,1930.108,65.0706
1599609600000,1930.118,1950.775,1919.935,1947.288,50.229
1599696000000,1947.238,1966.398,1941.315,1943.808,61.3433
1599782400000,1943.858,1954.658,1937.008,1938.928,62.8998
1599955200000,1940.548,1943.128,1937.018,1942.735,1.6867
1600041600000,1942.715,1962.385,1939.728,1957.118,51.4989
1600128000000,1957.098,1972.028,1948.278,1953.835,56.1364
1600214400000,1953.835,1973.468,1949.798,1959.698,64.0065
1600300800000,1959.678,1960.008,1932.745,1947.018,66.6092
1600387200000,1947.018,1959.898,1944.985,1949.718,51.8829
1600560000000,1949.588,1951.448,1942.388,1948.348,1.9934
1600646400000,1948.258,1955.458,1882.375,1917.018,77.576
1600732800000,1916.995,1919.888,1894.458,1904.138,76.4567
1600819200000,1904.148,1905.208,1853.448,1854.818,96.1178
1600905600000,1854.698,1876.988,1848.635,1867.715,86.1895
1600992000000,1867.745,1875.075,1852.298,1860.998,70.9652
1601164800000,1859.448,1865.898,1859.448,1862.448,1.554
1601251200000,1862.438,1883.648,1848.455,1882.448,65.3259
1601337600000,1882.448,1899.235,1875.308,1896.668,62.3538
1601424000000,1896.638,1902.115,1881.238,1887.528,69.9037
1601510400000,1887.515,1912.028,1884.555,1903.188,68.8297
1601596800000,1903.065,1916.975,1889.638,1898.868,60.9176
1601769600000,1903.828,1904.158,1897.888,1902.915,2.0391
1601856000000,1902.885,1918.575,1886.898,1912.745,52.3312
1601942400000,1912.725,1921.018,1874.558,1879.945,65.2049
1602028800000,1880.065,1897.898,1872.748,1886.868,51.7238
1602115200000,1886.858,1900.498,1881.938,1895.238,48.6215
1602201600000,1895.238,1930.325,1894.908,1929.618,55.8357
1602374400000,1928.788,1933.048,1926.038,1928.998,2.718
1602460800000,1928.998,1931.788,1918.158,1925.015,57.9905
1602547200000,1924.995,1924.998,1886.308,1893.325,67.9809
1602633600000,1893.325,1912.828,1882.395,1898.205,56.4234
1602720000000,1898.205,1908.808,1889.438,1906.308,58.965
1602806400000,1906.298,1913.808,1897.658,1898.968,47.1315
1602979200000,1899.668,1902.838,1898.498,1900.688,1.3973
1603065600000,1900.698,1918.338,1896.878,1902.925,50.2834
1603152000000,1902.925,1913.985,1894.618,1910.678,49.6258
1603238400000,1910.588,1931.298,1910.065,1921.258,54.1176
1603324800000,1921.238,1922.118,1894.208,1904.918,51.7788
1603411200000,1904.918,1914.108,1894.198,1901.258,44.8292
1603584000000,1903.298,1903.708,1891.135,1898.415,3.9222
1603670400000,1898.405,1908.458,1894.785,1902.148,51.7598
1603756800000,1902.148,1911.348,1897.718,1905.165,46.5915
1603843200000,1905.165,1910.768,1869.208,1879.515,69.3391
1603929600000,1879.495,1884.858,1859.868,1868.345,67.6358
1604016000000,1868.345,1889.698,1864.258,1878.438,67.7122
1604188800000,1876.928,1879.878,1875.195,1877.025,1.7187
1604275200000,1877.025,1896.058,1873.308,1894.728,63.6876
1604361600000,1894.728,1916.068,1886.835,1914.355,53.8753
1604448000000,1914.288,1916.228,1880.635,1904.715,75.796
1604534400000,1904.678,1952.648,1902.358,1946.058,77.5048
1604620800000,1946.068,1960.198,1935.468,1950.298,66.0602
1604793600000,1954.688,1959.838,1953.318,1958.475,2.0665
1604880000000,1958.465,1965.415,1850.398,1870.718,91.155
1604966400000,1870.728,1890.238,1867.335,1876.498,75.8677
1605052800000,1876.548,1884.378,1856.208,1865.458,59.5884
1605139200000,1865.468,1883.698,1862.588,1875.668,59.4676
1605225600000,1875.658,1896.658,1873.978,1888.288,52.1617
1605398400000,1888.138,1891.485,1886.628,1890.395,1.3174
1605484800000,1890.375,1898.928,1864.498,1889.748,61.6421
1605571200000,1889.738,1893.325,1876.735,1882.535,54.7516
1605657600000,1882.515,1884.718,1863.508,1871.245,61.0604
1605744000000,1871.235,1872.778,1852.568,1862.995,59.4339
1605830400000,1863.035,1879.618,1861,1870.318,48.3014
1606003200000,1869.943,1872.048,1868.528,1871.998,0.7825
1606089600000,1871.958,1876.038,1830.778,1835.465,59.6845
1606176000000,1835.605,1836.188,1799.988,1809.058,73.5807
1606262400000,1809.008,1817.578,1801.495,1808.188,56.5807
1606348800000,1808.288,1818.088,1805.634,1809.148,29.6114
1606435200000,1809.148,1813.778,1774.218,1786.648,42.9579
1606608000000,1787.208,1789.808,1785.308,1786.618,1.1155
1606694400000,1786.58,1787.448,1764.245,1778.725,59.7573
1606780800000,1778.695,1817.178,1776.75,1811.145,57.355
1606867200000,1811.095,1832.338,1807.405,1830.485,49.2664
1606953600000,1830.458,1843.808,1823.648,1839.718,54.1073
1607040000000,1839.718,1848.088,1828.988,1838.208,55.4774
1607212800000,1838.528,1838.848,1832.948,1835.344,1.2112
1607299200000,1835.344,1868.448,1821.808,1863.895,49.7456
1607385600000,1863.875,1875.168,1860.148,1869.995,42.276
1607472000000,1869.995,1870.428,1825.363,1834.258,58.2894
1607558400000,1834.158,1849.958,1828.528,1836.528,49.1311
1607644800000,1836.568,1847.648,1823.843,1838.998,42.4152
1607817600000,1840.698,1841.288,1834.778,1837.898,1.0109
1607904000000,1837.898,1838.918,1818.268,1827.268,44.0044
1607990400000,1827.268,1855.242,1825.348,1852.255,39.5459
1608076800000,1852.285,1865.658,1844.663,1864.395,57.7368
1608163200000,1864.328,1896.118,1861.898,1883.545,54.78
1608249600000,1883.545,1889.538,1877.275,1880.838,46.2418
1608422400000,1883.818,1884.938,1881.128,1882.975,1.0513
1608508800000,1882.955,1906.638,1854.955,1878.975,77.8392
1608595200000,1878.955,1884.238,1858.845,1864.145,55.7193
1608681600000,1864.185,1878.348,1856.938,1872.528,49.6785
1608768000000,1872.528,1883.465,1869.378,1879.125,25.4201
1609027200000,1882.921,1889.208,1882.348,1888.098,0.8741
1609113600000,1888.088,1900.098,1869.018,1876.605,45.1083
1609200000000,1876.605,1886.278,1871.595,1878.658,39.9179
1609286400000,1878.638,1895.285,1875.965,1894.978,32.6211
1609372800000,1895.078,1900.88,1885.308,1897.765,32.8447
1609632000000,1904.998,1914.858,1903.288,1913.035,3.0972
1609718400000,1913.025,1945.495,1909.858,1941.668,56.8683
1609804800000,1941.518,1953.085,1934.178,1950.108,49.8812
1609891200000,1950.148,1959.225,1900.755,1923.985,71.8064
1609977600000,1923.955,1927.518,1906.705,1916.425,57.1884
1610064000000,1916.395,1916.548,1828.038,1848.508,76.3572
1610236800000,1849.163,1856.568,1841.365,1844.665,2.9344
1610323200000,1844.625,1855.346,1816.888,1847.175,64.439
1610409600000,1847.135,1863.738,1836.558,1858.745,58.3486
1610496000000,1858.715,1862.892,1841.808,1848.265,57.1717
1610582400000,1848.255,1857.392,1828.518,1846.758,53.8805
1610668800000,1846.808,1856.848,1823.235,1827.478,56.1191
1610841600000,1828.608,1830.188,1802.948,1810.325,3.1967
1610928000000,1810.628,1840.675,1810.228,1837.185,46.7627
1611014400000,1837.175,1845.335,1832.843,1840.785,53.2685
1611100800000,1840.845,1872.148,1832.272,1869.815,72.8626
1611187200000,1869.865,1874.915,1858.131,1869.431,65.2669
1611273600000,1869.451,1869.831,1837.195,1855.198,67.7681
1611446400000,1854.187,1859.255,1853.777,1856.742,1.1763
1611532800000,1856.812,1867.735,1847.025,1855.395,75.629
1611619200000,1855.375,1861.635,1848.278,1851.245,65.2233
1611705600000,1851.215,1853.096,1831.227,1839.817,78.965
1611792000000,1839.817,1863.915,1833.925,1843.775,95.3965
1611878400000,1843.795,1875.522,1839.418,1847.048,109.784
1612051200000,1863.422,1866.837,1851.357,1855.897,5.1725
1612137600000,1855.897,1871.636,1848.892,1857.585,110.5957
1612224000000,1857.605,1863.975,1829.317,1836.325,101.879
1612310400000,1836.405,1844.785,1829.368,1834.225,73.3705
1612396800000,1834.225,1834.635,1784.888,1795.775,88.0354
1612483200000,1795.795,1815.016,1791.905,1814.048,73.1063
1612656000000,1816.958,1818.678,1814.258,1817.885,1.8332
1612742400000,1817.898,1838.988,1807.665,1830.378,74.2441
1612828800000,1830.385,1848.47,1829.808,1836.035,76.9063
1612915200000,1836.035,1855.232,1833.915,1841.925,69.2223
1613001600000,1841.905,1847.402,1821.007,1826.665,59.1021
1613088000000,1826.635,1830.615,1810.395,1823.648,57.2608
1613260800000,1825.118,1826.088,1819.995,1820.762,1.3335
1613347200000,1820.762,1826.915,1815.865,1818.595,34.8369
1613433600000,1818.655,1826.375,1786.604,1788.265,79.122
1613520000000,1788.285,1795.015,1769.418,1778.085,79.2025
1613606400000,1778.085,1789.465,1768.305,1771.446,76.2778
1613692800000,1771.425,1791.405,1760.44,1783.398,86.3747
1613865600000,1781.546,1787.896,1781.175,1783.151,2.4827
1613952000000,1783.176,1812.535,1780.545,1810.335,91.5134
1614038400000,1810.345,1815.875,1795.425,1805.705,84.6004
1614124800000,1805.705,1813.745,1783.445,1802.965,87.3765
1614211200000,1802.965,1804.105,1765.328,1769.775,119.6867
1614297600000,1769.785,1775.605,1717.09,1733.188,113.1335
1614470400000,1732.746,1739.755,1732.695,1739.085,2.2241
1614556800000,1739.085,1759.715,1719.525,1724.905,98.9811
1614643200000,1724.895,1740.446,1707.066,1736.416,83.0155
1614729600000,1736.426,1737.366,1701.797,1710.374,84.4823
1614816000000,1710.349,1723.104,1690.258,1694.195,103.9905
1614902400000,1694.105,1707.669,1687.138,1699.398,90.0642
1615075200000,1701.718,1713.878,1701.718,1707.685,2.941
1615161600000,1707.685,1714.168,1676.696,1684.554,89.1643
1615248000000,1684.554,1720.469,1680.014,1715.744,81.8085
1615334400000,1715.744,1727.065,1708.141,1726.584,77.0574
1615420800000,1726.594,1739.735,1719.115,1722.595,78.5622
1615507200000,1722.595,1729.158,1699.078,1726.958,76.4959
1615680000000,1727.188,1730.304,1724.135,1725.235,3.4613
1615766400000,1725.235,1734.418,1721.554,1730.618,72.0529
1615852800000,1730.608,1741.147,1726.114,1731.585,58.7907
1615939200000,1731.585,1751.498,1724.018,1748.384,76.0483
1616025600000,1748.354,1755.408,1719.115,1735.114,85.0565
1616112000000,1735.094,1746.538,1728.391,1744.858,76.2076
1616284800000,1746.009,1746.928,1737.868,1738.088,4.0628
1616371200000,1738.075,1742.988,1727.238,1739.198,75.0331
1616457600000,1739.218,1742.378,1724.578,1727.045,75.9977
1616544000000,1727.105,1738.318,1723.624,1734.498,67.8275
1616630400000,1734.398,1745.388,1721.589,1727.218,82.6444
1616716800000,1727.218,1736.648,1721.498,1731.808,66.9646
1616889600000,1731.268,1732.988,1730.378,1731.015,2.283
1616976000000,1730.985,1732.788,1705.668,1711.858,63.5978
1617062400000,1711.858,1714.318,1678.6,1685.398,76.6843
1617148800000,1685.398,1715.258,1677.788,1707.358,71.9943
1617235200000,1707.338,1730.465,1705.638,1728.805,63.2267
1617494400000,1727.929,1729.768,1725.998,1727.968,3.2011
1617580800000,1727.965,1733.448,1721.148,1729.308,47.5388
1617667200000,1729.168,1745.318,1727.398,1743.155,60.3809
1617753600000,1743.155,1743.255,1730.518,1736.728,55.9394
1617840000000,1736.728,1758.565,1733.058,1754.055,55.7847
1617926400000,1754.115,1757.238,1731.168,1743.028,59.7683
1618099200000,1743.378,1744.038,1740.428,1741.678,1.7108
1618185600000,1741.618,1744.938,1727.318,1731.868,61.2817
1618272000000,1731.865,1748.928,1723.578,1746.545,68.2172
1618358400000,1746.545,1749.218,1732.505,1736.538,63.0239
1618444800000,1736.558,1769.525,1734.248,1763.845,70.2352
1618531200000,1763.855,1783.748,1759.618,1775.748,67.026
1618704000000,1776.998,1778.065,1774.638,1776.675,2.3277
1618790400000,1776.675,1789.968,1766.628,1772.005,74.2477
1618876800000,1772.018,1780.328,1763.505,1776.838,71.4079
1618963200000,1776.848,1797.528,1776.418,1793.468,70.0527
1619049600000,1793.558,1797.748,1777.328,1783.048,77.6244
1619136000000,1783.097,1795.858,1769.865,1776.818,70.0664
1619308800000,1775.852,1776.258,1773.738,1774.798,1.9093
1619395200000,1774.808,1783.408,1768.617,1779.975,67.3887
1619481600000,1779.975,1785.458,1773.615,1775.385,65.7591
1619568000000,1775.375,1783.925,1762.498,1783.805,76.1911
1619654400000,1783.765,1789.875,1756.028,1773.068,79.2073
1619740800000,1773.068,1773.178,1764.108,1768.428,73.0051
1619913600000,1768.87,1769.108,1765.945,1768.985,1.6957
1620000000000,1768.985,1797.798,1767.235,1792.468,64.3012
1620086400000,1792.468,1798.878,1770.638,1778.588,81.7473
1620172800000,1778.578,1787.848,1770.228,1785.178,72.149
1620259200000,1785.178,1817.948,1781.878,1814.638,76.0728
1620345600000,1814.628,1843.175,1812.748,1830.618,94.5969
1620518400000,1833.43,1836.815,1831.818,1836.155,2.579
1620604800000,1836.175,1845.296,1830,1836.085,96.9361
1620691200000,1836.015,1841.718,1817.875,1835.448,90.5758
1620777600000,1835.448,1843.598,1813.145,1817.518,105.901
1620864000000,1817.498,1828.678,1808.656,1824.948,108.1872
1620950400000,1825.108,1845.85,1819.566,1842.688,84.6385
1621123200000,1844.528,1848.005,1840.498,1847.005,1.9021
1621209600000,1847.005,1868.955,1843.458,1868.875,80.7713
1621296000000,1868.875,1874.848,1863.105,1870.025,59.5755
1621382400000,1870.045,1890.022,1852.095,1865.805,65.8101
1621468800000,1865.815,1883.758,1863.735,1873.908,49.9591
1621555200000,1873.928,1889.228,1869.998,1880.898,47.8361
1621728000000,1882.123,1883.744,1879.998,1883.435,1.3638
1621814400000,1883.395,1886.878,1875.058,1877.348,50.5106
1621900800000,1877.358,1900.118,1872.614,1898.188,73.1048
1621987200000,1898.155,1912.648,1890.588,1896.078,79.6776
1622073600000,1896.025,1903.478,1888.188,1897.908,84.6755
1622160000000,1897.948,1905.798,1882.135,1902.648,57.5938
1622332800000,1903.338,1904.748,1902.572,1903.748,0.8187
1622419200000,1903.798,1910.545,1902.005,1907.998,29.779
1622505600000,1907.978,1916.485,1892.265,1898.795,60.0104
1622592000000,1898.805,1909.398,1894.228,1907.688,52.8096
1622678400000,1907.688,1909.498,1865.185,1870.868,67.6691
1622764800000,1870.868,1896.098,1855.315,1890.708,65.3614
1622937600000,1891.398,1891.398,1888.574,1889.198,1.3798
1623024000000,1889.198,1900.018,1881.415,1898.658,56.3726
1623110400000,1898.618,1903.688,1883.618,1893.285,61.1393
1623196800000,1893.275,1898.918,1887.238,1888.598,54.021
1623283200000,1888.598,1899.758,1869.668,1898.228,68.3505
1623369600000,1898.164,1902.948,1874.378,1877.048,58.2863
1623542400000,1876.758,1877.888,1873.098,1873.584,1.8871
1623628800000,1873.584,1873.778,1844.478,1866.758,58.7676
1623715200000,1866.738,1869.068,1851.478,1857.785,56.3512
1623801600000,1857.848,1862.928,1803.268,1818.688,69.7855
1623888000000,1818.688,1825.228,1767.128,1776.638,99.1301
1623974400000,1776.728,1797.062,1760.767,1763.198,84.6606
1624147200000,1763.938,1770.028,1763.838,1769.298,2.7329
1624233600000,1769.208,1787.648,1766.378,1783.498,85.39
1624320000000,1783.488,1789.995,1772.228,1777.438,54.2523
1624406400000,1777.438,1794.838,1773.208,1777.225,46.6262
1624492800000,1777.175,1787.848,1772.778,1775.148,33.4885
1624579200000,1775.148,1790.268,1773.588,1780.938,31.29
1624752000000,1781.227,1782.708,1780.448,1781.838,0.8104
1624838400000,1781.798,1785.718,1770.518,1778.018,34.7862
1624924800000,1777.988,1778.818,1750.488,1761.358,35.7106
1625011200000,1761.398,1774.278,1753.228,1768.138,34.3401
1625097600000,1768.178,1782.678,1765.528,1775.428,36.0727
1625184000000,1775.445,1794.928,1774.108,1786.978,35.1369
1625356800000,1786.527,1787.576,1785.368,1786.108,0.7244
1625443200000,1786.108,1795.128,1784.338,1791.118,20.8623
1625529600000,1791.118,1814.918,1789.938,1795.428,37.3701
1625616000000,1795.388,1809.648,1793.746,1803.248,35.7384
1625702400000,1803.228,1818.288,1794.177,1803.648,39.1313
1625788800000,1803.607,1812.298,1796.558,1807.838,31.4923
1625961600000,1807.568,1808.405,1806.218,1806.368,0.8614
1626048000000,1806.358,1810.708,1791.375,1806.998,34.0382
1626134400000,1806.968,1817.061,1798.508,1805.948,38.2432
1626220800000,1805.948,1829.678,1804.448,1826.258,37.8857
1626307200000,1826.258,1833.976,1820.13,1829.408,34.2097
1626393600000,1829.388,1831.428,1808.868,1811.548,33.9715
1626566400000,1810.891,1815.778,1810.238,1815.588,1.1388
1626652800000,1815.588,1817.178,1794.865,1811.378,46.4586
1626739200000,1811.388,1824.898,1804.948,1809.648,38.2695
1626825600000,1809.565,1813.658,1794.608,1802.448,33.5223
1626912000000,1802.448,1808.368,1792.648,1807.038,36.2958
1626998400000,1807.038,1810.218,1789.407,1801.698,31.7593
1627171200000,1801.992,1802.608,1799.898,1800.198,0.9021
1627257600000,1800.198,1811.398,1796.295,1797.618,35.7118
1627344000000,1797.588,1805.118,1793.488,1799.808,30.4215
1627430400000,1799.818,1810.205,1792.418,1809.238,34.7729
1627516800000,1809.188,1832.59,1808.498,1830.138,32.9377
1627603200000,1830.138,1831.248,1810.138,1813.398,27.4254
1627776000000,1813.321,1815.078,1811.978,1813.815,1.5625
1627862400000,1813.815,1819.418,1805.638,1812.395,34.6373
1627948800000,1812.525,1814.908,1807.018,1811.058,23.828
1628035200000,1811.028,1831.605,1806.325,1811.518,31.7101
1628121600000,1811.518,1814.748,1797.708,1803.405,28.8193
1628208000000,1803.398,1803.615,1758.578,1762.568,34.259
1628380800000,1762.888,1764.448,1670.488,1718.975,4.3774
1628467200000,1718.975,1752.498,1706.485,1731.395,41.9377
1628553600000,1731.395,1738.158,1717.598,1726.818,32.2633
1628640000000,1726.808,1754.288,1723.988,1752.235,32.761
1628726400000,1752.235,1758.038,1741.478,1753.328,28.4673
1628812800000,1753.328,1779.848,1751.568,1779.218,28.5887
1628985600000,1778.127,1779.998,1777.877,1778.778,1.0936
1629072000000,1778.778,1789.198,1770.699,1787.408,36.484
1629158400000,1787.358,1795.437,1780.448,1786.048,31.5569
1629244800000,1786.048,1793.638,1777.208,1787.388,28.5463
1629331200000,1787.398,1792.368,1774.358,1778.928,34.0412
1629417600000,1778.938,1788.281,1778.268,1780.458,29.4841
1629590400000,1779.598,1782.228,1777.258,1778.538,1.0111
1629676800000,1778.568,1806.378,1776.388,1804.728,29.6078
1629763200000,1804.668,1809.465,1800.648,1801.708,26.4437
1629849600000,1801.668,1802.558,1782.448,1791.555,28.3698
1629936000000,1791.535,1798.095,1779.928,1793.418,30.5935
1630022400000,1793.408,1819.225,1783.798,1816.158,32.9815
1630195200000,1818.332,1819.028,1817.148,1818.368,1.0906
1630281600000,1818.388,1823.079,1807.618,1810.348,22.3308
1630368000000,1810.348,1819.075,1801.598,1814.448,27.7994
1630454400000,1814.408,1819.905,1808.575,1813.058,24.4337
1630540800000,1813.048,1817.004,1804.885,1809.418,22.0415
1630627200000,1809.428,1833.908,1808.848,1827.288,32.0456
1630800000000,1829.972,1830.098,1827.358,1827.488,0.8061
1630886400000,1827.458,1828.378,1821.335,1823.448,13.8715
1630972800000,1823.428,1827.128,1792.298,1795.608,33.2053
1631059200000,1795.588,1802.074,1782.254,1790.648,39.1423
1631145600000,1790.658,1800.877,1783.717,1794.664,28.1103
1631232000000,1794.664,1803.754,1786.978,1787.048,36.1623
1631404800000,1788.354,1789.358,1786.918,1787.278,0.9265
1631491200000,1787.268,1798.264,1783.568,1792.938,37.2329
1631577600000,1792.934,1808.558,1780.285,1803.618,42.2704
1631664000000,1803.618,1806.798,1790.658,1794.968,34.489
1631750400000,1794.968,1796.074,1745.218,1753.778,38.5688
1631836800000,1753.768,1767.417,1747.258,1753.488,35.9382
1632009600000,1753.962,1755.054,1751.224,1754.014,1.1602
1632096000000,1754.024,1767.048,1741.978,1764.878,36.0874
1632182400000,1764.858,1781.658,1757.838,1774.824,35.7125
1632268800000,1774.824,1787.188,1764.498,1766.844,41.0518
1632355200000,1766.844,1776.459,1737.768,1746.118,40.4332
1632441600000,1746.128,1757.557,1740.338,1749.878,36.7561
1632614400000,1751.498,1751.498,1748.094,1749.448,0.934
1632700800000,1749.444,1760.738,1744.764,1751.204,44.6545
1632787200000,1751.184,1754.344,1728.008,1735.245,50.4
1632873600000,1735.245,1745.418,1721.548,1728.728,50.8609
1632960000000,1728.716,1764.086,1722.098,1752.978,52.9123
1633046400000,1752.968,1764.178,1749.655,1760.098,48.8454
1633219200000,1762.078,1765.153,1760.145,1763.058,2.0314
1633305600000,1763.058,1770.475,1747.608,1767.955,51.9457
1633392000000,1767.958,1768.265,1748.488,1759.228,43.0096
1633478400000,1759.278,1765.015,1745.77,1763.908,50.3461
1633564800000,1763.898,1766.848,1751.838,1755.028,39.2143
1633651200000,1755.018,1781.228,1753.238,1756.608,38.3816
1633824000000,1757.145,1758.125,1750.995,1753.878,1.8074
1633910400000,1753.885,1760.878,1750.068,1753.198,43.1081
1633996800000,1753.378,1769.238,1750.658,1760.298,42.1207
1634083200000,1760.298,1796.064,1757.829,1791.638,46.852
1634169600000,1791.608,1800.458,1786.598,1795.288,36.695
1634256000000,1795.298,1796.378,1764.748,1766.658,38.1211
1634428800000,1766.573,1771.964,1764.754,1770.874,1.8084
1634515200000,1770.894,1772.008,1760.184,1763.884,45.5734
1634601600000,1763.885,1785.038,1763.188,1768.598,42.0811
1634688000000,1768.598,1788.368,1766.744,1781.368,44.0717
1634774400000,1781.348,1789.368,1776.374,1784.564,45.8246
1634860800000,1784.484,1813.748,1782.788,1791.628,53.1012
1635033600000,1792.473,1794.358,1792.168,1794.308,1.5474
1635120000000,1794.378,1809.974,1792.164,1807.778,44.964
1635206400000,1807.758,1807.868,1782.288,1793.468,37.1719
1635292800000,1793.478,1798.978,1783.374,1796.518,39.7391
1635379200000,1796.488,1810.344,1792.198,1799.484,47.895
1635465600000,1799.484,1799.864,1771.848,1782.988,47.3054
1635638400000,1783.028,1783.582,1778.998,1779.958,0.89
1635724800000,1779.948,1795.738,1779.928,1791.978,36.2961
1635811200000,1792.067,1796.288,1786.254,1787.038,29.7457
1635897600000,1787.015,1787.508,1758.644,1777.164,33.7588
1635984000000,1777.164,1798.804,1770.664,1791.214,41.4795
1636070400000,1791.224,1818.128,1784.894,1817.588,42.3034
1636243200000,1818.383,1818.423,1814.823,1815.713,0.8096
1636329600000,1815.713,1826.403,1812.313,1824.508,32.9556
1636416000000,1824.523,1832.633,1819.043,1829.813,56.2255
1636502400000,1829.813,1868.458,1822.168,1848.444,43.6305
1636588800000,1848.444,1865.898,1842.748,1862.198,33.8328
1636675200000,1862.208,1868.568,1845.088,1864.448,36.3293
1636848000000,1869.364,1869.364,1865.154,1865.438,0.8239
1636934400000,1865.448,1870.468,1856.318,1862.258,41.0402
1637020800000,1862.191,1877.118,1849.328,1850.208,40.3551
1637107200000,1850.208,1867.958,1849.434,1866.378,35.1798
1637193600000,1866.374,1870.814,1854.948,1859.448,42.0791
1637280000000,1859.464,1865.668,1842.869,1845.175,56.7627
1637452800000,1846.534,1847.048,1838.648,1844.878,0.8971
1637539200000,1844.888,1848.984,1802.144,1808.928,46.6581
1637625600000,1808.908,1812.318,1781.859,1790.718,44.4827
1637712000000,1790.708,1796.285,1778.398,1789.528,37.9117
1637798400000,1789.518,1794.968,1787.718,1792.528,14.3529
1637884800000,1792.548,1815.408,1780.358,1792.665,38.0477
1638057600000,1790.195,1795.565,1775.563,1795.425,1.5951
1638144000000,1795.405,1799.258,1781.008,1786.685,37.7999
1638230400000,1786.685,1808.618,1769.758,1773.098,51.1502
1638316800000,1773.128,1794.41,1772.428,1781.645,45.5816
1638403200000,1781.625,1781.875,1761.815,1768.885,43.1224
1638489600000,1768.885,1785.998,1766.02,1782.788,52.0306
1638662400000,1784.355,1785.245,1780.538,1782.775,0.9683
1638748800000,1782.768,1787.635,1775.587,1780.825,44.0206
1638835200000,1780.825,1787.708,1772.168,1784.598,54.0302
1638921600000,1784.628,1792.998,1779.478,1783.355,32.2197
1639008000000,1783.345,1787.505,1773.138,1776.218,31.7229
1639094400000,1776.218,1789.398,1769.968,1782.288,30.865
1639267200000,1783.055,1784.298,1781.778,1783.098,0.8525
1639353600000,1783.095,1791.455,1781.698,1785.668,34.7055
1639440000000,1785.648,1789.415,1766.358,1772.358,35.0727
1639526400000,1772.368,1781.342,1752.928,1779.345,43.2555
1639612800000,1779.348,1799.925,1775.418,1798.648,40.818
1639699200000,1798.668,1814.148,1795.758,1797.708,32.5758
1639872000000,1799.445,1801.555,1798.508,1799.948,0.8896
1639958400000,1800.108,1804.058,1788.188,1791.515,42.5666
1640044800000,1791.515,1800.438,1784.838,1790.455,33.7093
1640131200000,1790.455,1804.955,1785.795,1803.568,30.713
1640217600000,1803.558,1810.629,1798.778,1808.355,28.2876
1640476800000,1808.544,1808.544,1805.658,1807.178,0.5533
1640563200000,1807.178,1813.388,1802.855,1812.274,25.1251
1640649600000,1812.264,1820.099,1804.918,1806.428,24.3044
1640736000000,1806.419,1807.578,1789.348,1804.485,26.6627
1640822400000,1804.485,1817.108,1796.058,1815.588,23.8581
1640908800000,1815.618,1830.248,1814.598,1829.058,24.1287
1641081600000,1828.604,1831.624,1827.898,1828.354,0.6929
1641168000000,1828.294,1831.458,1798.189,1804.028,36.6012
1641254400000,1804.024,1816.688,1798.388,1813.788,37.4235
1641340800000,1813.815,1829.584,1808.168,1810.178,42.012
1641427200000,1810.228,1811.438,1786.288,1791.278,49.8756
1641513600000,1791.255,1798.515,1782.495,1795.808,40.9533
1641686400000,1793.955,1796.098,1793.685,1795.048,0.7818
1641772800000,1795.048,1802.848,1790.235,1801.088,42.463
1641859200000,1801.088,1823.228,1801.055,1820.588,40.465
1641945600000,1820.588,1827.984,1814.578,1825.168,39.0355
1642032000000,1825.168,1828.058,1812.228,1820.728,37.328
1642118400000,1820.728,1829.048,1814.578,1817.418,40.0434
1642291200000,1817.044,1819.254,1815.768,1816.268,0.7955
1642377600000,1816.268,1823.088,1813,1818.938,20.5563
1642464000000,1818.938,1822.644,1805.658,1814.158,51.7839
1642550400000,1814.168,1843.318,1810.143,1838.414,47.1751
1642636800000,1838.424,1847.804,1835.808,1838.808,50.0704
1642723200000,1838.848,1843.108,1828.384,1834.328,51.9346
1642896000000,1834.524,1836.948,1831.428,1834.598,1.2333
1642982400000,1834.588,1844.208,1829.558,1843.538,62.9293
1643068800000,1843.538,1853.748,1834.838,1849.398,52.6204
1643155200000,1849.355,1849.448,1814.838,1821.828,56.4663
1643241600000,1821.848,1821.858,1791.678,1797.158,58.4681
1643328000000,1797.158,1799.308,1780.158,1791.028,55.5473
1643500800000,1791.928,1791.928,1788.338,1789.408,1.1678
1643587200000,1789.408,1799.805,1785.458,1797.748,44.6071
1643673600000,1797.708,1808.638,1795.625,1800.578,40.8989
1643760000000,1800.578,1810.718,1794.358,1807.755,38.9718
1643846400000,1807.798,1808.875,1788.538,1805.608,55.3083
1643932800000,1805.608,1814.798,1792.018,1807.558,54.6018
1644105600000,1806.719,1811.308,1806.678,1809.934,1.4873
1644192000000,1809.968,1823.458,1808.638,1821.878,75.9048
1644278400000,1821.878,1828.664,1815.314,1825.838,57.241
1644364800000,1825.854,1835.708,1824.538,1832.508,43.2237
1644451200000,1832.518,1841.838,1821.534,1826.708,62.5243
1644537600000,1826.708,1865.378,1820.838,1857.898,67.7892
1644710400000,1859.233,1862.028,1855.308,1859.404,1.6907
1644796800000,1859.428,1874.018,1850.698,1870.948,75.1568
1644883200000,1870.928,1879.378,1844.398,1852.848,58.5866
1644969600000,1852.848,1872.498,1850.188,1869.788,52.2006
1645056000000,1869.808,1901.016,1867.698,1899.878,70.5173
1645142400000,1899.903,1902.358,1886.478,1897.768,57.7067
1645315200000,1900.818,1906.348,1896.651,1904.758,1.23
1645401600000,1904.758,1914.023,1887.453,1909.448,56.0808
1645488000000,1909.418,1913.798,1891.268,1898.148,70.4825
1645574400000,1898.148,1911.458,1889.548,1910.623,58.223
1645660800000,1910.643,1974.398,1877.938,1906.398,109.1246
1645747200000,1906.398,1921.478,1882.828,1888.528,74.6189
1645920000000,1919.206,1930.948,1904.208,1910.038,2.415
1646006400000,1910.038,1919.288,1890.768,1906.178,80.6649
1646092800000,1906.178,1950.078,1901.268,1942.188,90.6324
1646179200000,1942.188,1947.788,1913.738,1928.668,75.6177
1646265600000,1928.668,1941.203,1921.906,1934.807,79.2719
1646352000000,1934.807,1970.648,1929.498,1969.848,102.9744
1646524800000,1974.472,1991.358,1974.192,1988.608,2.9835
1646611200000,1988.608,2002.518,1960.878,1998.608,91.8812
1646697600000,1998.678,2070.358,1980.938,2043.648,86.0593
1646784000000,2043.728,2059.068,1976.008,1989.728,75.9873
1646870400000,1989.728,2009.062,1970.508,1995.168,55.2199
1646956800000,1995.168,1997.142,1958.438,1988.248,40.4955
1647129600000,1984.742,1990.308,1970.548,1974.108,1.449
1647216000000,1974.148,1978.662,1949.628,1952.058,38.1579
1647302400000,1952.058,1952.088,1906.948,1917.853,48.3583
1647388800000,1917.829,1929.328,1894.948,1926.898,48.18
1647475200000,1926.888,1949.748,1925.363,1943.778,40.0234
1647561600000,1943.765,1945.203,1917.798,1921.198,32.6509
1647734400000,1921.358,1926.168,1918.058,1918.938,1.595
1647820800000,1918.928,1941.168,1917.858,1935.488,32.0166
1647907200000,1935.488,1938.268,1910.508,1919.543,36.9815
1647993600000,1919.523,1948.293,1915.453,1945.968,34.2655
1648080000000,1945.919,1966.083,1937.278,1959.155,37.3292
1648166400000,1959.155,1964.153,1942.998,1957.688,49.4237
1648339200000,1956.968,1959.053,1954.613,1957.063,1.4376
1648425600000,1957.063,1958.258,1916.838,1923.918,57.5944
1648512000000,1923.938,1929.168,1889.998,1916.268,60.2582
1648598400000,1916.298,1938.428,1915.788,1933.958,46.6274
1648684800000,1933.938,1949.723,1918.988,1936.675,50.5385
1648771200000,1936.675,1939.358,1917.908,1924.778,39.7177
1648944000000,1923.788,1925.758,1921.308,1924.578,1.272
1649030400000,1924.578,1936.878,1915.328,1931.428,41.2095
1649116800000,1931.428,1944.463,1917.838,1920.518,40.0581
1649203200000,1920.458,1933.348,1915.038,1923.632,49.7515
1649289600000,1923.678,1937.708,1920.378,1932.848,62.1328
1649376000000,1932.878,1948.088,1927.548,1947.138,40.3814
1649548800000,1946.138,1949.838,1943.118,1944.578,1.4976
1649635200000,1944.578,1969.558,1939.882,1952.638,53.1016
1649721600000,1952.638,1978.508,1949.518,1965.758,46.475
1649808000000,1965.752,1981.482,1962.718,1977.062,46.7202
1649894400000,1977.088,1980.248,1960.412,1973.218,46.4692
1650153600000,1974.038,1988.028,1970.838,1986.622,3.7726
1650240000000,1986.618,1998.268,1976.122,1977.058,44.257
1650326400000,1977.068,1981.848,1943.588,1949.618,53.2348
1650412800000,1949.592,1958.208,1939.16,1956.662,55.6239
1650499200000,1956.658,1957.278,1936.632,1950.848,50.2336
1650585600000,1950.848,1955.482,1926.458,1930.708,59.0596
1650758400000,1930.523,1934.328,1927.953,1932.508,1.7041
1650844800000,1932.568,1932.663,1891.373,1899.258,63.1225
1650931200000,1899.248,1911.108,1895.608,1906.453,52.1591
1651017600000,1906.458,1906.898,1881.248,1885.513,58.6569
1651104000000,1885.493,1896.608,1871.938,1895.428,55.4103
1651190400000,1895.418,1919.838,1894.373,1895.748,55.5533
1651363200000,1895.635,1899.788,1895.338,1897.118,2.3259
1651449600000,1897.118,1898.373,1854.468,1863.098,52.3269
1651536000000,1863.098,1877.998,1850.308,1868.278,46.0662
1651622400000,1868.278,1893.998,1861.298,1893.814,47.2498
1651708800000,1893.814,1909.633,1872.358,1874.078,63.2111
1651795200000,1874.063,1892.373,1866.001,1883.148,53.84
1651968000000,1883.068,1885.558,1879.778,1881.128,1.6913
1652054400000,1881.118,1881.988,1851.558,1854.565,53.6502
1652140800000,1854.565,1865.278,1833.218,1833.463,56.3084
1652227200000,1833.463,1858.018,1831.838,1853.963,54.6656
1652313600000,1854.058,1858.708,1810.734,1821.248,62.5373
1652400000000,1821.248,1828.678,1798.968,1810.678,44.9035
1652572800000,1809.648,1814.768,1809.628,1813.078,1.6202
1652659200000,1813.048,1829.268,1786.638,1826.254,46.5396
1652745600000,1826.393,1835.998,1812.778,1814.428,54.6387
1652832000000,1814.398,1824.614,1807.228,1815.938,48.9106
1652918400000,1815.948,1849.053,1810.798,1841.944,49.8638
1653004800000,1841.973,1849.304,1832.178,1845.738,39.1264
1653177600000,1844.686,1857.858,1843.353,1846.218,1.3697
1653264000000,1846.218,1865.334,1845.648,1853.758,37.9798